33/33/323,2442342342342342343243324,23423433/34/344,fdhfdhgfhfghgfhfghfg
22/23/233,fwfsdf/sdagwrg/sadgasdgasd
22/23/233,fwfsdf/sdagwrg/sadgasdgasd
22/23/233,fwfsdf/sdagwrg/sadgasdgasd
22/23/233,fwfsdf/sdagwrg/sadgasdgasd
22/23/233,fwfsdf/sdagwrg/sadgasdgasd
,
xcxcxxcx,xcxcxcxcbxcxcbxcbxc
,
bdfbdfb,fdbdfb
,
,
,
,
,
sjgsigljkfghfhughfdghjfsgkhfkjghfkghdfghdfdghkfdg
dfghjdfkghdfgjkdfghfdgdfkjgdfkjhdfhgkhjdgkjhdfkg
fhgkjdfghdfghdfkjgkdfghdfkgfdhkghdfgkdfgkjdfhgkd
hgkdfghkdfghdfgkjfdkjgfdhgkdfjgjkdfgkjfdhgfdkjgj
,bhjkjdfdkjfdghfdhgkjdgkfdghkfdfggjkhfdfhkjgdfhghk
dfghdfkdfjkghdfkjgfhdgkjfdhjfdghkfdhgfdkgjkhdfgh
dfkghdfkghghdfghdfgjhdfghdfdhgdfdhgdfkgkdfjhghdf
khdfghdfhgdfjhgjkdfhdghdjghdfhgjdhhjhkdfhdfhgdfj

25/09/22,Chapter 5uihgfuhguhguirhgwrhgiuqwrhguiw
hguighushguishgusgkguhugsugsughusghkfi
jsghksdhgfkusdhfhiksdgflsdbgflisdbgfis
gfihasdgfsdabgfhiaskhfuiasdgbasdggfasu

22/02/22,Chapter 5
www.google.com
,I am sending  notice
